{
  "resnet18_finetune": {
    "train": {
      "accuracy": 0.9947278911564625,
      "macro_f1": 0.994722003727354,
      "weighted_f1": 0.994722003727354
    },
    "val": {
      "accuracy": 0.9964852607709751,
      "macro_f1": 0.9964710464380839,
      "weighted_f1": 0.9964710464380838
    },
    "test": {
      "accuracy": 0.9954648526077098,
      "macro_f1": 0.9954392929295316,
      "weighted_f1": 0.9954392929295317
    }
  },
  "chemcnn_exp5": {
    "train": {
      "accuracy": 0.6581146744412051,
      "macro_f1": 0.630030219523619,
      "weighted_f1": 0.630030219523619
    },
    "val": {
      "accuracy": 0.6624716553287981,
      "macro_f1": 0.6340324698924381,
      "weighted_f1": 0.6340324698924381
    },
    "test": {
      "accuracy": 0.6607709750566894,
      "macro_f1": 0.6325350979559011,
      "weighted_f1": 0.6325350979559011
    }
  }
}